date,id,parking,bathrooms,bedrooms,currency,price,seller,neighborhood,city,province,status,area,usage,story,planta,lift,pool,pozo,terraza,lobby,balcon,jacuzzi,gimnasio,price.usd
2022-08-02,/apartamentos-venta-la-barranquita/1276424/,1,2,3,US$,129900,Cindy Real Estate,La Barranquita, Santiago, Santiago de los Caballeros,En Planos,108,Residencial,NA,TRUE,TRUE,TRUE,FALSE,FALSE,FALSE,TRUE,FALSE,FALSE,129900
2022-08-02,/apartamentos-venta-santiago/1273241/,2,2.5,3,US$,236800,Cindy Real Estate,NA,Santiago, Santiago de los Caballeros,En Planos,148,Residencial,NA,TRUE,TRUE,TRUE,FALSE,TRUE,TRUE,TRUE,FALSE,TRUE,236800
2022-08-02,/apartamentos-venta-santiago/1266196/,2,3.5,3,US$,373000,Cindy Real Estate,NA,Santiago, Santiago de los Caballeros,En Planos,163,Residencial,NA,TRUE,TRUE,TRUE,FALSE,TRUE,TRUE,TRUE,FALSE,TRUE,373000
2022-08-02,/apartamentos-venta-santiago/1269782/,2,2.5,3,US$,117500,Cindy Real Estate,NA,Santiago, Santiago de los Caballeros,En Planos,100,Residencial,NA,FALSE,FALSE,FALSE,FALSE,TRUE,FALSE,TRUE,FALSE,FALSE,117500
2022-08-02,/apartamentos-venta-santiago/1219394/,2,3.5,3,US$,350000,Cindy Real Estate,NA,Santiago, Santiago de los Caballeros,En Construcción,186,Residencial,NA,TRUE,TRUE,FALSE,FALSE,FALSE,TRUE,TRUE,FALSE,TRUE,350000
2022-08-02,/apartamentos-venta-santiago/1258716/,2,2.5,3,US$,175000,Cindy Real Estate,NA,Santiago, Santiago de los Caballeros,Nueva,125,Residencial,NA,TRUE,TRUE,TRUE,FALSE,TRUE,FALSE,TRUE,FALSE,FALSE,175000
2022-08-02,/apartamentos-venta-santiago/1262335/,1,2,3,US$,120000,Cindy Real Estate,NA,Santiago, Santiago de los Caballeros,En Planos,100,Residencial,NA,FALSE,FALSE,FALSE,FALSE,FALSE,FALSE,TRUE,FALSE,FALSE,120000
2022-08-02,/apartamentos-venta-santiago/1282832/,2,3.5,3,US$,385000,Cindy Real Estate,NA,Santiago, Santiago de los Caballeros,Nueva,203,Residencial,NA,TRUE,TRUE,FALSE,FALSE,TRUE,TRUE,TRUE,FALSE,FALSE,385000
2022-08-02,/apartamentos-venta-santiago/1275480/,1,2,3,US$,134000,Cindy Real Estate,NA,Santiago, Santiago de los Caballeros,En Construcción,110,Residencial,NA,FALSE,TRUE,TRUE,FALSE,FALSE,TRUE,TRUE,FALSE,FALSE,134000
2022-08-02,/apartamentos-venta-santiago/1247084/,2,2.5,3,US$,210000,Cindy Real Estate,NA,Santiago, Santiago de los Caballeros,En Planos,136,Residencial,NA,TRUE,TRUE,FALSE,FALSE,FALSE,FALSE,TRUE,FALSE,TRUE,210000
2022-08-02,/apartamentos-venta-santiago/1265462/,2,2.5,3,US$,216384,Cindy Real Estate,NA,Santiago, Santiago de los Caballeros,En Construcción,149,Residencial,NA,TRUE,TRUE,FALSE,FALSE,TRUE,FALSE,TRUE,FALSE,FALSE,216384
2022-08-02,/apartamentos-venta-santiago/1273584/,1,3,3,US$,130000,Cindy Real Estate,NA,Santiago, Santiago de los Caballeros,En Planos,108,Residencial,NA,FALSE,FALSE,FALSE,FALSE,FALSE,TRUE,TRUE,FALSE,FALSE,130000
2022-08-02,/apartamentos-venta-santiago/1272339/,2,2,3,US$,160000,Cindy Real Estate,NA,Santiago, Santiago de los Caballeros,Nueva,120,Residencial,NA,TRUE,TRUE,TRUE,FALSE,FALSE,TRUE,TRUE,FALSE,TRUE,160000
2022-08-02,/apartamentos-venta-cerros-de-gurabo/1283823/,2,2.5,3,US$,285000,KW Norte Realty,Cerros de Gurabo, Santiago, Santiago de los Caballeros,Segundo Uso,178,Residencial,3,FALSE,TRUE,FALSE,FALSE,FALSE,TRUE,TRUE,FALSE,TRUE,285000
2022-08-02,/apartamentos-venta-los-reyes/1279630/,1,2,3,US$,98500,KW Norte Realty,Los Reyes, Santiago, Santiago de los Caballeros,En Planos,90,Residencial,1,FALSE,FALSE,TRUE,FALSE,FALSE,FALSE,TRUE,FALSE,FALSE,98500
2022-08-02,/apartamentos-venta-los-alamos/1272712/,2,2.5,3,RD$,8500000,KW Norte Realty,los Alamos, Santiago, Santiago de los Caballeros,Segundo Uso,237,Residencial,4,FALSE,FALSE,FALSE,FALSE,TRUE,FALSE,TRUE,FALSE,FALSE,145299.1452991453
2022-08-02,/apartamentos-venta-villa-maria/1274426/,2,2.5,3,US$,195000,KW Norte Realty,Villa Maria, Santiago, Santiago de los Caballeros,Nueva,133,Residencial,3,FALSE,TRUE,FALSE,FALSE,FALSE,FALSE,TRUE,FALSE,FALSE,195000
2022-08-02,/apartamentos-venta-cerros-de-gurabo/1253481/,1,2.5,2,US$,250000,KW Norte Realty,Cerros de Gurabo, Santiago, Santiago de los Caballeros,En Construcción,115,Residencial,10,TRUE,TRUE,FALSE,FALSE,FALSE,TRUE,TRUE,FALSE,TRUE,250000
2022-08-02,/apartamentos-venta-quinta-de-rincon-largo/1263329/,2,2.5,3,US$,245000,KW Norte Realty,Quinta de Rincon Largo, Santiago, Santiago de los Caballeros,En Construcción,177,Residencial,NA,TRUE,TRUE,FALSE,FALSE,FALSE,TRUE,TRUE,FALSE,FALSE,245000
2022-08-02,/apartamentos-venta-av--juan-pablo-duarte/1267839/,1,2,3,US$,148000,KW Norte Realty,Av. Juan Pablo Duarte, Santiago, Santiago de los Caballeros,En Construcción,114,Residencial,5,TRUE,TRUE,TRUE,FALSE,FALSE,TRUE,TRUE,FALSE,FALSE,148000
2022-08-02,/apartamentos-venta-cerros-de-gurabo/1260246/,2,3.5,3,US$,350000,KW Norte Realty,Cerros de Gurabo, Santiago, Santiago de los Caballeros,En Construcción,180,Residencial,4,FALSE,TRUE,TRUE,FALSE,FALSE,FALSE,TRUE,FALSE,TRUE,350000
2022-08-02,/apartamentos-venta-gurabo/1244361/,2,2,3,US$,115000,KW Norte Realty,Gurabo, Santiago, Santiago de los Caballeros,En Construcción,101,Residencial,2,FALSE,FALSE,TRUE,FALSE,FALSE,FALSE,TRUE,FALSE,TRUE,115000
2022-08-02,/apartamentos-venta-los-colegios/1237417/,NA,2.5,2,US$,200514,KW Norte Realty,Los Colegios, Santiago, Santiago de los Caballeros,En Construcción,87,Residencial,6,TRUE,TRUE,TRUE,FALSE,FALSE,TRUE,TRUE,FALSE,FALSE,200514
2022-08-02,/apartamentos-venta-gurabo/1269022/,1,2,3,US$,165000,KW Norte Realty,Gurabo, Santiago, Santiago de los Caballeros,En Planos,125,Residencial,NA,FALSE,TRUE,FALSE,FALSE,FALSE,TRUE,TRUE,FALSE,TRUE,165000
2022-08-02,/apartamentos-venta-jardines-metropolitanos/1277669/,1,2,3,US$,162000,The Crestman Group ,Jardines Metropolitanos, Santiago, Santiago de los Caballeros,Segundo Uso,155,Residencial,3,FALSE,FALSE,FALSE,FALSE,FALSE,FALSE,TRUE,FALSE,FALSE,162000
2022-08-02,/apartamentos-venta-thomen/1277655/,1,2.5,3,US$,150800,The Crestman Group ,Thomen, Santiago, Santiago de los Caballeros,En Construcción,116,Residencial,1,FALSE,TRUE,FALSE,FALSE,FALSE,FALSE,TRUE,FALSE,TRUE,150800
2022-08-02,/apartamentos-venta-santiago/1280996/,1,2,3,RD$,4300000,Olima Real Estate,NA,Santiago, Santiago de los Caballeros,En Planos,88,Residencial,4,FALSE,FALSE,FALSE,FALSE,TRUE,FALSE,TRUE,FALSE,FALSE,73504.2735042735
2022-08-02,/apartamentos-venta-av--hispano-americano/1280992/,1,3,3,US$,148200,Olima Real Estate,Av. Hispano Americano, Santiago, Santiago de los Caballeros,En Planos,114,Residencial,4,FALSE,TRUE,FALSE,FALSE,TRUE,FALSE,TRUE,FALSE,FALSE,148200
2022-08-02,/apartamentos-venta-av--juan-pablo-duarte/1263387/,3,4,3,RD$,8100000,Olima Real Estate,Av. Juan Pablo Duarte, Santiago, Santiago de los Caballeros,Segundo Uso,208,Residencial,1,FALSE,FALSE,FALSE,FALSE,TRUE,FALSE,TRUE,FALSE,FALSE,138461.53846153847
2022-08-02,/apartamentos-venta-la-esmeralda/1263381/,1,4,3,US$,260000,Olima Real Estate,La Esmeralda, Santiago, Santiago de los Caballeros,Segundo Uso,243,Residencial,7,FALSE,TRUE,FALSE,FALSE,FALSE,FALSE,TRUE,FALSE,FALSE,260000
2022-08-02,/apartamentos-venta-la-esmeralda/1260475/,1,3,2,US$,187000,Olima Real Estate,La Esmeralda, Santiago, Santiago de los Caballeros,Nueva,118,Residencial,13,FALSE,TRUE,FALSE,FALSE,TRUE,TRUE,TRUE,FALSE,FALSE,187000
2022-08-02,/apartamentos-venta-la-esmeralda/1267937/,1,4,2,US$,255000,Olima Real Estate,La Esmeralda, Santiago, Santiago de los Caballeros,Nueva,122,Residencial,16,FALSE,TRUE,TRUE,FALSE,TRUE,FALSE,TRUE,FALSE,FALSE,255000
2022-08-02,/apartamentos-venta-santiago/1255592/,2,2,3,RD$,7000000,Olima Real Estate,NA,Santiago, Santiago de los Caballeros,Segundo Uso,144,Residencial,4,FALSE,FALSE,FALSE,FALSE,FALSE,FALSE,FALSE,FALSE,FALSE,119658.11965811966
2022-08-02,/apartamentos-venta-la-esmeralda/1254393/,1,2,1,US$,116363,Olima Real Estate,La Esmeralda, Santiago, Santiago de los Caballeros,Nueva,80,Residencial,11,FALSE,TRUE,FALSE,FALSE,FALSE,FALSE,TRUE,FALSE,FALSE,116363
2022-08-02,/apartamentos-venta-jardines-del-este/1254351/,2,2,3,US$,190000,Olima Real Estate,Jardines del Este, Santiago, Santiago de los Caballeros,Segundo Uso,150,Residencial,6,FALSE,TRUE,FALSE,FALSE,TRUE,FALSE,FALSE,FALSE,FALSE,190000
2022-08-02,/apartamentos-venta-santiago/1254462/,3,5,3,US$,230000,Olima Real Estate,NA,Santiago, Santiago de los Caballeros,Segundo Uso,212,Residencial,1,FALSE,FALSE,FALSE,TRUE,TRUE,FALSE,TRUE,FALSE,FALSE,230000
2022-08-02,/apartamentos-venta-gurabo/1273812/,1,2,3,US$,82000,Olima Real Estate,Gurabo, Santiago, Santiago de los Caballeros,En Planos,87,Residencial,4,FALSE,FALSE,TRUE,FALSE,FALSE,FALSE,TRUE,FALSE,FALSE,82000
2022-08-02,/apartamentos-venta-gurabo/1270577/,2,2,3,US$,160000,Olima Real Estate,Gurabo, Santiago, Santiago de los Caballeros,Nueva,115,Residencial,3,FALSE,FALSE,FALSE,FALSE,FALSE,FALSE,TRUE,FALSE,FALSE,160000
2022-08-02,/apartamentos-venta-jardines-del-norte/1263408/,1,2,3,US$,92500,Olima Real Estate,Jardines del Norte, Santiago, Santiago de los Caballeros,Nueva,90,Residencial,4,FALSE,FALSE,TRUE,FALSE,FALSE,FALSE,TRUE,FALSE,FALSE,92500
2022-08-02,/apartamentos-venta-cerro-hermoso/1276364/,1,3,3,US$,262000,Olima Real Estate,Cerro Hermoso, Santiago, Santiago de los Caballeros,Nueva,163,Residencial,4,FALSE,TRUE,FALSE,FALSE,TRUE,FALSE,TRUE,FALSE,FALSE,262000
2022-08-02,/apartamentos-venta-los-alamos/1275927/,1,2,3,RD$,5300000,Olima Real Estate,los Alamos, Santiago, Santiago de los Caballeros,Segundo Uso,114,Residencial,4,FALSE,FALSE,FALSE,FALSE,FALSE,FALSE,TRUE,FALSE,FALSE,90598.2905982906
2022-08-02,/apartamentos-venta-santiago/1275922/,2,3,3,US$,111000,Olima Real Estate,NA,Santiago, Santiago de los Caballeros,Segundo Uso,104,Residencial,4,FALSE,FALSE,FALSE,FALSE,FALSE,FALSE,TRUE,FALSE,FALSE,111000
2022-08-02,/apartamentos-venta-la-trinitaria/1254345/,2,4,3,US$,410000,Olima Real Estate,La Trinitaria, Santiago, Santiago de los Caballeros,Nueva,271,Residencial,12,FALSE,TRUE,FALSE,FALSE,TRUE,FALSE,TRUE,FALSE,TRUE,410000
2022-08-02,/apartamentos-venta-jardines-del-norte/1263406/,1,2,3,US$,92000,Olima Real Estate,Jardines del Norte, Santiago, Santiago de los Caballeros,Nueva,90,Residencial,4,FALSE,FALSE,TRUE,FALSE,FALSE,FALSE,TRUE,FALSE,FALSE,92000
2022-08-02,/apartamentos-venta-la-trinitaria/1255925/,3,3.5,3,US$,315000,Olima Real Estate,La Trinitaria, Santiago, Santiago de los Caballeros,Segundo Uso,335,Residencial,4,FALSE,TRUE,FALSE,FALSE,FALSE,FALSE,TRUE,TRUE,FALSE,315000
2022-08-02,/apartamentos-venta-la-esmeralda/1262495/,2,4,3,US$,260000,Olima Real Estate,La Esmeralda, Santiago, Santiago de los Caballeros,Nueva,243,Residencial,1,FALSE,FALSE,FALSE,FALSE,FALSE,FALSE,TRUE,FALSE,FALSE,260000
2022-08-02,/apartamentos-venta-santiago/1281664/,2,2,3,RD$,7900000,Olima Real Estate,Santiago, Santiago, Santiago de los Caballeros,Segundo Uso,183,Residencial,1,FALSE,FALSE,FALSE,FALSE,FALSE,FALSE,FALSE,FALSE,FALSE,135042.73504273503
2022-08-02,/apartamentos-venta-santiago/1242030/,1,1,1,US$,85000,Tu Casa RD,NA,Santiago, Santiago de los Caballeros,Segundo Uso,79,Residencial,NA,FALSE,FALSE,TRUE,FALSE,FALSE,FALSE,FALSE,FALSE,FALSE,85000
2022-08-02,/apartamentos-venta-cerro-alto/1285437/,1,2,3,US$,140000,Remax Metropolitana,Cerro Alto, Santiago, Santiago de los Caballeros,En Construcción,120,Residencial,1,FALSE,FALSE,FALSE,FALSE,FALSE,FALSE,FALSE,FALSE,FALSE,140000
2022-08-02,/apartamentos-venta-arroyo-hondo/1284676/,2,2.5,3,US$,135000,Remax Metropolitana,Arroyo Hondo, Santiago, Santiago de los Caballeros,Nueva,109,Residencial,5,TRUE,FALSE,FALSE,FALSE,TRUE,FALSE,TRUE,FALSE,FALSE,135000
2022-08-02,/apartamentos-venta-bella-vista/1253060/,2,2.5,3,US$,170000,Algonovo Real Estate,Bella vista, Santiago, Santiago de los Caballeros,En Construcción,133,Residencial,NA,FALSE,TRUE,TRUE,FALSE,TRUE,TRUE,TRUE,FALSE,FALSE,170000
2022-08-02,/apartamentos-venta-cerros-de-gurabo/1253018/,2,2.5,2,US$,240000,Algonovo Real Estate,Cerros de Gurabo, Santiago, Santiago de los Caballeros,En Construcción,115,Residencial,NA,TRUE,TRUE,TRUE,FALSE,FALSE,TRUE,TRUE,FALSE,TRUE,240000
2022-08-02,/apartamentos-venta-cerros-de-gurabo/1231486/,2,2.5,3,US$,350000,NOVES PROPERTIES,Cerros de Gurabo, Santiago, Santiago de los Caballeros,En Construcción,186,Residencial,3,TRUE,TRUE,FALSE,FALSE,FALSE,FALSE,TRUE,FALSE,TRUE,350000
2022-08-02,/apartamentos-venta-av--hispano-americano/1275309/,1,2,3,US$,168200,NOVES PROPERTIES,Av. Hispano Americano, Santiago, Santiago de los Caballeros,Nueva,116,Residencial,2,TRUE,TRUE,FALSE,FALSE,FALSE,FALSE,TRUE,FALSE,TRUE,168200
2022-08-02,/apartamentos-venta-la-trinitaria/1264360/,2,3.5,3,US$,540000,NOVES PROPERTIES,La Trinitaria, Santiago, Santiago de los Caballeros,Nueva,325,Residencial,3,TRUE,TRUE,FALSE,FALSE,TRUE,TRUE,TRUE,FALSE,TRUE,540000
2022-08-02,/apartamentos-venta-cerros-de-gurabo/1246285/,2,3.5,3,US$,285000,NOVES PROPERTIES,Cerros de Gurabo, Santiago, Santiago de los Caballeros,En Construcción,185,Residencial,4,TRUE,TRUE,FALSE,FALSE,FALSE,FALSE,TRUE,FALSE,TRUE,285000
2022-08-02,/apartamentos-venta-av--hispano-americano/1273356/,1,2,3,US$,84000,NOVES PROPERTIES,Av. Hispano Americano, Santiago, Santiago de los Caballeros,Nueva,89,Residencial,1,FALSE,FALSE,FALSE,FALSE,FALSE,FALSE,TRUE,FALSE,FALSE,84000
2022-08-02,/apartamentos-venta-la-loteria/1271687/,1,2,3,US$,136500,NOVES PROPERTIES,La Loteria, Santiago, Santiago de los Caballeros,Nueva,130,Residencial,3,FALSE,FALSE,FALSE,FALSE,FALSE,FALSE,TRUE,FALSE,FALSE,136500
2022-08-02,/apartamentos-venta-llanos-de-gurabo/1276487/,2,2.5,3,US$,195000,NOVES PROPERTIES,LLanos de Gurabo, Santiago, Santiago de los Caballeros,Nueva,136,Residencial,5,TRUE,TRUE,TRUE,FALSE,FALSE,FALSE,TRUE,FALSE,FALSE,195000
2022-08-02,/apartamentos-venta-la-trinitaria/1276421/,3,4.5,4,US$,599000,NOVES PROPERTIES,La Trinitaria, Santiago, Santiago de los Caballeros,Segundo Uso,490,Residencial,6,TRUE,TRUE,FALSE,FALSE,TRUE,TRUE,TRUE,TRUE,FALSE,599000
2022-08-02,/apartamentos-venta-jardines-del-norte/1256462/,1,2,3,US$,95000,NOVES PROPERTIES,Jardines del Norte, Santiago, Santiago de los Caballeros,En Construcción,101,Residencial,4,TRUE,FALSE,TRUE,FALSE,FALSE,FALSE,TRUE,FALSE,FALSE,95000
2022-08-02,/apartamentos-venta-rincon-largo/1235201/,1,2,2,US$,246686,NOVES PROPERTIES,Rincon Largo, Santiago, Santiago de los Caballeros,En Construcción,109,Residencial,8,TRUE,TRUE,TRUE,FALSE,TRUE,TRUE,TRUE,FALSE,TRUE,246686
2022-08-02,/apartamentos-venta-sabaneta-de-las-palomas/1280142/,1,2.5,3,US$,170303,NOVES PROPERTIES,Sabaneta de las palomas, Santiago, Santiago de los Caballeros,En Construcción,127,Residencial,4,TRUE,TRUE,FALSE,FALSE,FALSE,FALSE,TRUE,FALSE,TRUE,170303
2022-08-02,/apartamentos-venta-cerro-de-gurabo-lll/1281889/,2,2.5,2,US$,219600,NOVES PROPERTIES,Cerro de Gurabo lll, Santiago, Santiago de los Caballeros,En Planos,124,Residencial,6,TRUE,TRUE,TRUE,FALSE,FALSE,TRUE,TRUE,TRUE,TRUE,219600
2022-08-02,/apartamentos-venta-el-copal--ii/1269040/,1,2,3,US$,159600,NOVES PROPERTIES,El Copal  II, Santiago, Santiago de los Caballeros,En Planos,117,Residencial,4,TRUE,FALSE,TRUE,FALSE,TRUE,FALSE,FALSE,FALSE,TRUE,159600
2022-08-02,/apartamentos-venta-don-pedro/1271731/,1,2.5,3,US$,115500,NOVES PROPERTIES,Don Pedro, Santiago, Santiago de los Caballeros,En Construcción,105,Residencial,2,FALSE,FALSE,FALSE,FALSE,TRUE,TRUE,TRUE,FALSE,FALSE,115500
2022-08-02,/apartamentos-venta-llanos-de-gurabo/1269861/,2,2,3,US$,115000,NOVES PROPERTIES,LLanos de Gurabo, Santiago, Santiago de los Caballeros,En Construcción,132,Residencial,4,FALSE,FALSE,FALSE,FALSE,FALSE,FALSE,FALSE,FALSE,FALSE,115000
2022-08-02,/apartamentos-venta-las-dianas/1285354/,2,2.5,3,US$,187600,NOVES PROPERTIES,las Dianas, Santiago, Santiago de los Caballeros,En Construcción,134,Residencial,1,FALSE,FALSE,FALSE,FALSE,FALSE,FALSE,TRUE,FALSE,FALSE,187600
2022-08-02,/apartamentos-venta-la-esmeralda/1285366/,3,3.5,3,US$,575000,NOVES PROPERTIES,La Esmeralda, Santiago, Santiago de los Caballeros,Segundo Uso,299,Residencial,2,TRUE,TRUE,TRUE,FALSE,TRUE,TRUE,FALSE,FALSE,TRUE,575000
2022-08-02,/apartamentos-venta-reparto-imperial/1273320/,1,1.5,1,US$,199000,NOVES PROPERTIES,Reparto Imperial, Santiago, Santiago de los Caballeros,Segundo Uso,93,Comercial,11,TRUE,TRUE,FALSE,FALSE,TRUE,TRUE,TRUE,FALSE,TRUE,199000
2022-08-02,/apartamentos-venta-cerro-alto/1269778/,2,2,3,US$,130000,NOVES PROPERTIES,Cerro Alto, Santiago, Santiago de los Caballeros,En Construcción,120,Residencial,2,FALSE,FALSE,FALSE,FALSE,FALSE,FALSE,TRUE,FALSE,FALSE,130000
2022-08-02,/apartamentos-venta-cerros-de-gurabo/1252565/,2,3.5,3,US$,310000,NOVES PROPERTIES,Cerros de Gurabo, Santiago, Santiago de los Caballeros,En Construcción,182,Residencial,4,TRUE,TRUE,FALSE,FALSE,TRUE,TRUE,TRUE,FALSE,TRUE,310000
2022-08-02,/apartamentos-venta-llanos-de-gurabo/1269035/,1,2,3,US$,150000,NOVES PROPERTIES,LLanos de Gurabo, Santiago, Santiago de los Caballeros,En Planos,125,Residencial,6,TRUE,TRUE,FALSE,FALSE,FALSE,TRUE,TRUE,FALSE,FALSE,150000
2022-08-02,/apartamentos-venta-la-trinitaria/1257195/,4,3.5,3,US$,780000,NOVES PROPERTIES,La Trinitaria, Santiago, Santiago de los Caballeros,Nueva,500,Residencial,11,TRUE,TRUE,FALSE,FALSE,FALSE,TRUE,TRUE,FALSE,TRUE,780000
2022-08-02,/apartamentos-venta-la-trinitaria/1231571/,2,3.5,3,US$,558000,NOVES PROPERTIES,La Trinitaria, Santiago, Santiago de los Caballeros,Nueva,279,Residencial,4,TRUE,TRUE,FALSE,FALSE,TRUE,TRUE,TRUE,FALSE,TRUE,558000
2022-08-02,/apartamentos-venta-santiago/1274811/,2,2,3,US$,134000,Cindy Real Estate,NA,Santiago, Santiago de los Caballeros,En Planos,115,Residencial,NA,FALSE,FALSE,TRUE,FALSE,FALSE,FALSE,TRUE,FALSE,FALSE,134000
2022-08-02,/apartamentos-venta-santiago/1261875/,2,2.5,3,US$,260000,Cindy Real Estate,NA,Santiago, Santiago de los Caballeros,Nueva,145,Residencial,7,TRUE,TRUE,TRUE,FALSE,TRUE,TRUE,FALSE,FALSE,TRUE,260000
2022-08-02,/apartamentos-venta-santiago/1269805/,2,2,3,US$,163900,Cindy Real Estate,NA,Santiago, Santiago de los Caballeros,En Planos,102,Residencial,NA,TRUE,TRUE,TRUE,FALSE,TRUE,FALSE,TRUE,FALSE,TRUE,163900
2022-08-02,/apartamentos-venta-santiago/1278784/,2,2.5,3,US$,164000,Cindy Real Estate,NA,Santiago, Santiago de los Caballeros,En Planos,141,Residencial,NA,FALSE,FALSE,TRUE,FALSE,FALSE,FALSE,TRUE,FALSE,FALSE,164000
2022-08-02,/apartamentos-venta-santiago/1272676/,2,2,3,US$,108000,Cindy Real Estate,NA,Santiago, Santiago de los Caballeros,En Construcción,NA,Residencial,NA,FALSE,FALSE,FALSE,FALSE,FALSE,FALSE,TRUE,FALSE,FALSE,108000
2022-08-02,/apartamentos-venta-santiago/1197783/,2,3.5,3,US$,517000,Cindy Real Estate,NA,Santiago, Santiago de los Caballeros,En Construcción,276,Residencial,NA,TRUE,TRUE,FALSE,FALSE,FALSE,TRUE,TRUE,FALSE,TRUE,517000
2022-08-02,/apartamentos-venta-santiago/1218920/,2,3.5,3,US$,320000,Cindy Real Estate,NA,Santiago, Santiago de los Caballeros,En Construcción,175,Residencial,NA,TRUE,TRUE,FALSE,FALSE,TRUE,TRUE,TRUE,FALSE,FALSE,320000
2022-08-02,/apartamentos-venta-santiago/1272808/,2,3.5,3,US$,341910,Cindy Real Estate,NA,Santiago, Santiago de los Caballeros,En Planos,189,Residencial,NA,TRUE,TRUE,FALSE,FALSE,TRUE,TRUE,TRUE,FALSE,TRUE,341910
2022-08-02,/apartamentos-venta-santiago/1266194/,1,2.5,2,US$,253000,Cindy Real Estate,NA,Santiago, Santiago de los Caballeros,En Planos,116,Residencial,NA,TRUE,TRUE,TRUE,FALSE,TRUE,TRUE,TRUE,FALSE,TRUE,253000
2022-08-02,/apartamentos-venta-santiago/1265457/,2,2.5,3,US$,261792,Cindy Real Estate,NA,Santiago, Santiago de los Caballeros,En Construcción,163,Residencial,NA,TRUE,TRUE,TRUE,FALSE,TRUE,FALSE,TRUE,FALSE,TRUE,261792
2022-08-02,/apartamentos-venta-santiago/1265445/,2,2.5,3,US$,230000,Cindy Real Estate,NA,Santiago, Santiago de los Caballeros,En Construcción,151,Residencial,NA,TRUE,TRUE,FALSE,FALSE,TRUE,TRUE,TRUE,FALSE,TRUE,230000
2022-08-02,/apartamentos-venta-santiago/1269806/,1,2,2,US$,131000,Cindy Real Estate,NA,Santiago, Santiago de los Caballeros,En Planos,81,Residencial,NA,TRUE,TRUE,TRUE,FALSE,TRUE,FALSE,TRUE,FALSE,TRUE,131000
2022-08-02,/apartamentos-venta-santiago/1210887/,1,2,3,US$,123050,Cindy Real Estate,NA,Santiago, Santiago de los Caballeros,En Construcción,100,Residencial,NA,TRUE,TRUE,TRUE,FALSE,FALSE,FALSE,TRUE,FALSE,FALSE,123050
2022-08-02,/apartamentos-venta-santiago/1271602/,2,2.5,3,US$,187600,Cindy Real Estate,NA,Santiago, Santiago de los Caballeros,En Planos,134,Residencial,NA,FALSE,FALSE,FALSE,FALSE,FALSE,TRUE,TRUE,FALSE,FALSE,187600
2022-08-02,/apartamentos-venta-santiago/1275434/,1,2.5,3,US$,168200,Cindy Real Estate,NA,Santiago, Santiago de los Caballeros,Nueva,116,Residencial,NA,TRUE,TRUE,FALSE,FALSE,TRUE,TRUE,TRUE,FALSE,TRUE,168200
2022-08-02,/apartamentos-venta-santiago/1278967/,2,2.5,3,US$,195000,Cindy Real Estate,NA,Santiago, Santiago de los Caballeros,En Construcción,136,Residencial,NA,TRUE,TRUE,TRUE,FALSE,TRUE,TRUE,TRUE,FALSE,FALSE,195000
2022-08-02,/apartamentos-venta-santiago/1265386/,2,3,3,US$,200000,Cindy Real Estate,NA,Santiago, Santiago de los Caballeros,En Planos,167,Residencial,NA,FALSE,FALSE,FALSE,FALSE,TRUE,FALSE,TRUE,FALSE,FALSE,200000
2022-08-02,/apartamentos-venta-santiago/1236442/,2,3.5,3,US$,310000,Cindy Real Estate,NA,Santiago, Santiago de los Caballeros,En Planos,182,Residencial,NA,TRUE,TRUE,FALSE,FALSE,TRUE,TRUE,TRUE,TRUE,TRUE,310000
2022-08-02,/apartamentos-venta-santiago/1273586/,2,2,3,RD$,6700000,Cindy Real Estate,NA,Santiago, Santiago de los Caballeros,En Construcción,101,Residencial,NA,FALSE,FALSE,TRUE,FALSE,FALSE,FALSE,TRUE,FALSE,TRUE,114529.91452991453
2022-08-02,/apartamentos-venta-santiago/1266989/,2,2.5,3,US$,180601,Cindy Real Estate,NA,Santiago, Santiago de los Caballeros,En Planos,123,Residencial,NA,TRUE,TRUE,FALSE,FALSE,FALSE,TRUE,TRUE,FALSE,TRUE,180601
2022-08-02,/apartamentos-venta-santiago/1235550/,2,2.5,3,US$,214500,Cindy Real Estate,NA,Santiago, Santiago de los Caballeros,En Construcción,130,Residencial,NA,TRUE,TRUE,TRUE,FALSE,TRUE,TRUE,TRUE,FALSE,TRUE,214500
2022-08-02,/apartamentos-venta-santiago/1281643/,1,2,3,US$,94000,Ciudad Inmobiliaria ,NA,Santiago, Santiago de los Caballeros,En Planos,90,Residencial,NA,FALSE,FALSE,TRUE,TRUE,FALSE,FALSE,TRUE,FALSE,FALSE,94000
2022-08-02,/apartamentos-venta-las-americas/1283644/,1,2,3,US$,107950,Mr. Home Asesores Inmobiliarios,Las Americas, Santiago, Santiago de los Caballeros,En Construcción,105,Residencial,4,FALSE,FALSE,FALSE,FALSE,TRUE,FALSE,TRUE,FALSE,FALSE,107950
2022-08-02,/apartamentos-venta-bella-vista/1272605/,1,1.5,NA,US$,116000,Gomez Inmobiliaria ,Bella vista, Santiago, Santiago de los Caballeros,En Construcción,58,Residencial,NA,TRUE,TRUE,TRUE,FALSE,TRUE,TRUE,TRUE,FALSE,TRUE,116000
2022-08-02,/apartamentos-venta-y-alquiler-cerros-de-gurabo/1257610/,2,3.5,3,US$,260000,ZE Bienes Raices,Cerros de Gurabo, Santiago, Santiago de los Caballeros,NA,220,Residencial,NA,TRUE,TRUE,FALSE,FALSE,FALSE,FALSE,TRUE,FALSE,FALSE,260000
2022-08-02,/apartamentos-venta-cerro-hermoso/1280513/,2,3.5,3,US$,261792,Seekers Inmobiliaria,Cerro Hermoso, Santiago, Santiago de los Caballeros,En Construcción,164,Residencial,NA,TRUE,TRUE,TRUE,FALSE,FALSE,FALSE,TRUE,FALSE,TRUE,261792
2022-08-02,/apartamentos-venta-monte-adentro/1270494/,2,2.5,3,US$,107500,Seekers Inmobiliaria,Monte Adentro, Santiago, Santiago de los Caballeros,En Construcción,100,Residencial,NA,TRUE,TRUE,FALSE,FALSE,TRUE,FALSE,TRUE,FALSE,FALSE,107500
2022-08-02,/apartamentos-venta-la-moraleja/1270490/,1,1.5,1,US$,118000,Seekers Inmobiliaria,La Moraleja, Santiago, Santiago de los Caballeros,En Construcción,60,Residencial,1,TRUE,TRUE,FALSE,FALSE,FALSE,TRUE,FALSE,FALSE,FALSE,118000
2022-08-02,/apartamentos-venta-cerros-de-gurabo/1270481/,2,3.5,3,US$,235000,Seekers Inmobiliaria,Cerros de Gurabo, Santiago, Santiago de los Caballeros,Nueva,135,Residencial,3,TRUE,TRUE,FALSE,TRUE,FALSE,TRUE,TRUE,FALSE,TRUE,235000
2022-08-02,/apartamentos-venta-pinos-de-villa-olga/1270485/,2,2.5,2,US$,230000,Seekers Inmobiliaria,Pinos de Villa Olga, Santiago, Santiago de los Caballeros,En Construcción,132,Residencial,1,FALSE,TRUE,FALSE,TRUE,FALSE,FALSE,TRUE,FALSE,TRUE,230000
2022-08-02,/apartamentos-venta-cerro-hermoso/1278073/,2,3,3,US$,261792,Seekers Inmobiliaria,Cerro Hermoso, Santiago, Santiago de los Caballeros,En Construcción,167,Residencial,NA,TRUE,TRUE,TRUE,FALSE,FALSE,TRUE,FALSE,FALSE,TRUE,261792
2022-08-02,/apartamentos-venta-santiago/1267470/,2,3,3,US$,299000,Seekers Inmobiliaria,NA,Santiago, Santiago de los Caballeros,En Construcción,177,Residencial,NA,TRUE,FALSE,FALSE,TRUE,FALSE,TRUE,TRUE,FALSE,TRUE,299000
2022-08-02,/apartamentos-venta-cerros-de-gurabo/1270483/,2,3,3,US$,299000,Seekers Inmobiliaria,Cerros de Gurabo, Santiago, Santiago de los Caballeros,Nueva,165,Residencial,6,TRUE,FALSE,FALSE,FALSE,FALSE,TRUE,TRUE,FALSE,FALSE,299000
2022-08-02,/apartamentos-venta-bella-vista/1285280/,1,2.5,2,US$,220000,Mr. Home Asesores Inmobiliarios,Bella vista, Santiago, Santiago de los Caballeros,NA,135,Residencial,NA,TRUE,TRUE,FALSE,FALSE,FALSE,FALSE,TRUE,FALSE,TRUE,220000
2022-08-02,/apartamentos-venta-santiago/1285725/,1,2,3,US$,157500,HouseLink,NA,Santiago, Santiago de los Caballeros,En Construcción,119,Residencial,5,TRUE,TRUE,TRUE,FALSE,FALSE,FALSE,TRUE,FALSE,TRUE,157500
2022-08-02,/apartamentos-venta-la-trinitaria/1280991/,1,2,2,US$,249195,Seekers Inmobiliaria,La Trinitaria, Santiago, Santiago de los Caballeros,En Construcción,97,Residencial,NA,TRUE,TRUE,FALSE,FALSE,FALSE,TRUE,TRUE,FALSE,FALSE,249195
2022-08-02,/apartamentos-venta-cerro-hermoso/1283430/,2,3.5,3,US$,261792,Seekers Inmobiliaria,Cerro Hermoso, Santiago, Santiago de los Caballeros,En Construcción,167,Residencial,NA,TRUE,FALSE,TRUE,FALSE,FALSE,TRUE,FALSE,FALSE,TRUE,261792
2022-08-02,/apartamentos-venta-la-moraleja/1282537/,1,1.5,1,US$,111000,Seekers Inmobiliaria,La Moraleja, Santiago, Santiago de los Caballeros,En Construcción,60,Residencial,NA,TRUE,TRUE,FALSE,FALSE,FALSE,TRUE,FALSE,FALSE,FALSE,111000
2022-08-02,/apartamentos-venta-pinos-de-villa-olga/1282535/,2,2.5,2,US$,230000,Seekers Inmobiliaria,Pinos de Villa Olga, Santiago, Santiago de los Caballeros,En Construcción,132,Residencial,NA,TRUE,TRUE,FALSE,FALSE,FALSE,TRUE,TRUE,FALSE,TRUE,230000
2022-08-02,/apartamentos-venta-cerro-de-gurabo-ll/1282534/,2,3.5,3,RD$,299000,Seekers Inmobiliaria,Cerro de Gurabo ll, Santiago, Santiago de los Caballeros,Segundo Uso,165,Residencial,3,TRUE,TRUE,FALSE,FALSE,FALSE,TRUE,FALSE,FALSE,FALSE,5111.111111111111
2022-08-02,/apartamentos-venta-cerro-de-gurabo-ll/1282533/,2,3.5,3,US$,235000,Seekers Inmobiliaria,Cerro de Gurabo ll, Santiago, Santiago de los Caballeros,Segundo Uso,135,Residencial,NA,FALSE,TRUE,FALSE,FALSE,FALSE,TRUE,TRUE,FALSE,TRUE,235000
2022-08-02,/apartamentos-venta-santiago/1267455/,2,2.5,3,US$,165364,Seekers Inmobiliaria,NA,Santiago, Santiago de los Caballeros,En Construcción,124,Residencial,NA,FALSE,FALSE,FALSE,FALSE,TRUE,FALSE,FALSE,FALSE,FALSE,165364
2022-08-02,/apartamentos-venta-la-esmeralda/1257337/,2,3.5,3,US$,340000,Seekers Inmobiliaria,La Esmeralda, Santiago, Santiago de los Caballeros,En Construcción,195,Residencial,NA,TRUE,TRUE,FALSE,FALSE,TRUE,TRUE,TRUE,TRUE,TRUE,340000
2022-08-02,/apartamentos-venta-monte-adentro/1270968/,2,2.5,3,US$,107500,Seekers Inmobiliaria,Monte Adentro, Santiago, Santiago de los Caballeros,En Construcción,100,Residencial,NA,FALSE,FALSE,FALSE,FALSE,TRUE,FALSE,TRUE,FALSE,FALSE,107500
2022-08-02,/apartamentos-venta-la-loteria/1270966/,1,2.5,3,US$,129500,Seekers Inmobiliaria,La Loteria, Santiago, Santiago de los Caballeros,Nueva,130,Residencial,NA,FALSE,FALSE,FALSE,FALSE,FALSE,FALSE,TRUE,FALSE,FALSE,129500
2022-08-02,/apartamentos-venta-bella-vista/1229270/,4,3.5,3,US$,870000,Seekers Inmobiliaria,Bella vista, Santiago, Santiago de los Caballeros,En Construcción,358,Residencial,3,TRUE,TRUE,TRUE,FALSE,TRUE,TRUE,TRUE,FALSE,TRUE,870000
2022-08-02,/apartamentos-venta-la-esmeralda/1257336/,2,3.5,3,US$,340000,Seekers Inmobiliaria,La Esmeralda, Santiago, Santiago de los Caballeros,En Construcción,195,Residencial,1,TRUE,TRUE,FALSE,FALSE,TRUE,TRUE,TRUE,TRUE,TRUE,340000
2022-08-02,/apartamentos-venta-santiago/1284095/,1,2.5,3,US$,94500,Remax Plus,NA,Santiago, Santiago de los Caballeros,En Construcción,90,Residencial,1,TRUE,FALSE,TRUE,TRUE,TRUE,FALSE,TRUE,FALSE,FALSE,94500
2022-08-02,/apartamentos-venta-bella-vista/1256944/,NA,NA,NA,US$,132000,Paez Luxury Real Estate ,Bella vista, Santiago, Santiago de los Caballeros,En Construcción,NA,N/D,NA,FALSE,FALSE,FALSE,FALSE,FALSE,FALSE,FALSE,FALSE,FALSE,132000
2022-08-02,/apartamentos-venta-bella-vista/1261055/,NA,3.5,3,US$,258000,Paez Luxury Real Estate ,Bella vista, Santiago, Santiago de los Caballeros,En Construcción,NA,Residencial,NA,TRUE,TRUE,TRUE,FALSE,TRUE,FALSE,TRUE,TRUE,TRUE,258000
2022-08-02,/apartamentos-venta-la-esmeralda/1238631/,3,3.5,3,US$,625000,Paez Luxury Real Estate ,La Esmeralda, Santiago, Santiago de los Caballeros,Segundo Uso,375,Residencial,14,TRUE,TRUE,FALSE,TRUE,TRUE,FALSE,TRUE,TRUE,TRUE,625000
2022-08-02,/apartamentos-venta-y-alquiler-rincon-largo/1254188/,1,2.5,2,US$,178000,ZE Bienes Raices,Rincon Largo, Santiago, Santiago de los Caballeros,NA,117,Residencial,2,TRUE,TRUE,TRUE,FALSE,FALSE,FALSE,FALSE,FALSE,FALSE,178000
2022-08-02,/apartamentos-venta-la-trinitaria/1248845/,3,3.5,3,US$,290000,ZE Bienes Raices,La Trinitaria, Santiago, Santiago de los Caballeros,NA,NA,Residencial,8,TRUE,TRUE,FALSE,FALSE,FALSE,FALSE,TRUE,FALSE,FALSE,290000
2022-08-02,/apartamentos-venta-la-trinitaria/1255021/,2,3.5,3,US$,19900000,ZE Bienes Raices,La Trinitaria, Santiago, Santiago de los Caballeros,Remodelada,224,Residencial,4,TRUE,TRUE,FALSE,FALSE,FALSE,TRUE,TRUE,FALSE,FALSE,19900000
2022-08-02,/apartamentos-venta-cerros-de-gurabo/1196736/,2,3.5,3,US$,350000,ZE Bienes Raices,Cerros de Gurabo, Santiago, Santiago de los Caballeros,Nueva,185,Residencial,2,TRUE,TRUE,FALSE,FALSE,FALSE,FALSE,TRUE,FALSE,TRUE,350000
2022-08-02,/apartamentos-venta-la-trinitaria/1257323/,7,3.5,3,US$,400000,ZE Bienes Raices,La Trinitaria, Santiago, Santiago de los Caballeros,NA,240,Residencial,4,TRUE,TRUE,FALSE,FALSE,FALSE,TRUE,TRUE,FALSE,FALSE,400000
2022-08-02,/apartamentos-venta-el-embrujo-i/1235213/,2,2.5,3,US$,225000,ZE Bienes Raices,El Embrujo I, Santiago, Santiago de los Caballeros,NA,160,Residencial,5,TRUE,TRUE,FALSE,FALSE,FALSE,FALSE,TRUE,FALSE,FALSE,225000
2022-08-02,/apartamentos-venta-cerros-de-gurabo/1253961/,2,3.5,3,US$,245000,ZE Bienes Raices,Cerros de Gurabo, Santiago, Santiago de los Caballeros,NA,148,Residencial,NA,TRUE,TRUE,FALSE,FALSE,FALSE,FALSE,TRUE,FALSE,TRUE,245000
2022-08-02,/apartamentos-venta-la-esmeralda/1238439/,2,3,3,US$,315000,ZE Bienes Raices,La Esmeralda, Santiago, Santiago de los Caballeros,NA,190,Residencial,4,TRUE,TRUE,FALSE,FALSE,FALSE,FALSE,TRUE,FALSE,FALSE,315000
2022-08-02,/apartamentos-venta-rincon-largo/1256500/,1,2.5,2,US$,215000,ZE Bienes Raices,Rincon Largo, Santiago, Santiago de los Caballeros,NA,115,Residencial,NA,TRUE,TRUE,FALSE,FALSE,FALSE,FALSE,TRUE,FALSE,TRUE,215000
2022-08-02,/apartamentos-venta-rincon-largo/1249595/,2,2.5,3,US$,230000,ZE Bienes Raices,Rincon Largo, Santiago, Santiago de los Caballeros,NA,154,Residencial,1,TRUE,TRUE,TRUE,FALSE,TRUE,TRUE,TRUE,FALSE,FALSE,230000
2022-08-02,/apartamentos-venta-la-esmeralda/1258618/,1,1.5,1,US$,185000,ZE Bienes Raices,La Esmeralda, Santiago, Santiago de los Caballeros,NA,NA,Residencial,14,TRUE,TRUE,TRUE,FALSE,FALSE,TRUE,TRUE,FALSE,TRUE,185000
2022-08-02,/apartamentos-venta-la-trinitaria/1256501/,3,3.5,3,US$,350000,ZE Bienes Raices,La Trinitaria, Santiago, Santiago de los Caballeros,NA,276,Residencial,6,TRUE,TRUE,FALSE,FALSE,TRUE,TRUE,TRUE,FALSE,FALSE,350000
2022-08-02,/apartamentos-venta-la-trinitaria/1213110/,2,3.5,3,US$,500000,ZE Bienes Raices,La Trinitaria, Santiago, Santiago de los Caballeros,Nueva,273,Residencial,6,TRUE,TRUE,FALSE,FALSE,FALSE,TRUE,TRUE,FALSE,FALSE,500000
2022-08-02,/apartamentos-venta-santiago/1253428/,NA,NA,NA,US$,229000,ZE Bienes Raices,NA,Santiago, Santiago de los Caballeros,En Construcción,NA,Residencial,NA,FALSE,FALSE,FALSE,FALSE,FALSE,FALSE,FALSE,FALSE,FALSE,229000
2022-08-02,/apartamentos-venta-villa-olga/1258539/,2,2.5,3,RD$,14500000,ZE Bienes Raices,Villa Olga, Santiago, Santiago de los Caballeros,NA,195,Residencial,4,TRUE,TRUE,FALSE,FALSE,TRUE,TRUE,TRUE,FALSE,FALSE,247863.24786324787
2022-08-02,/apartamentos-venta-la-trinitaria/1256728/,2,3.5,3,US$,382000,ZE Bienes Raices,La Trinitaria, Santiago, Santiago de los Caballeros,Nueva,219,Residencial,NA,TRUE,TRUE,FALSE,FALSE,FALSE,TRUE,TRUE,FALSE,TRUE,382000
2022-08-02,/apartamentos-venta-la-trinitaria/1256904/,3,3.5,3,US$,515000,ZE Bienes Raices,La Trinitaria, Santiago, Santiago de los Caballeros,NA,240,Residencial,6,TRUE,TRUE,FALSE,FALSE,TRUE,TRUE,TRUE,FALSE,TRUE,515000
2022-08-02,/apartamentos-venta-bella-vista/1262516/,2,3.5,3,US$,260000,Premium Real Estate,Bella vista, Santiago, Santiago de los Caballeros,Segundo Uso,184,Residencial,NA,FALSE,FALSE,FALSE,FALSE,FALSE,FALSE,TRUE,FALSE,FALSE,260000
2022-08-02,/apartamentos-venta-santiago/1275307/,1,2,3,RD$,5200000,Cindy Real Estate,NA,Santiago, Santiago de los Caballeros,En Construcción,89,Residencial,NA,FALSE,FALSE,TRUE,FALSE,FALSE,FALSE,TRUE,FALSE,TRUE,88888.88888888889
2022-08-02,/apartamentos-venta-santiago/1275305/,2,3.5,3,US$,222000,Cindy Real Estate,NA,Santiago, Santiago de los Caballeros,En Construcción,146,Residencial,NA,TRUE,FALSE,FALSE,FALSE,FALSE,FALSE,FALSE,FALSE,FALSE,222000
2022-08-02,/apartamentos-venta-santiago/1282239/,1,2.5,2,US$,195000,HouseLink,NA,Santiago, Santiago de los Caballeros,En Construcción,107,Residencial,NA,FALSE,TRUE,FALSE,FALSE,FALSE,TRUE,FALSE,FALSE,TRUE,195000
2022-08-02,/apartamentos-venta-santiago/1279027/,1,2,3,RD$,4900000,Cindy Real Estate,NA,Santiago, Santiago de los Caballeros,Segundo Uso,89,Residencial,NA,FALSE,FALSE,TRUE,FALSE,FALSE,FALSE,TRUE,FALSE,TRUE,83760.68376068377
2022-08-02,/apartamentos-venta-monte-verde/1171702/,NA,2.5,3,US$,230000,Vetas Soluciones Inmobiliarias,Monte Verde, Santiago, Santiago de los Caballeros,Segundo Uso,186,Residencial,4,TRUE,FALSE,FALSE,FALSE,FALSE,FALSE,TRUE,FALSE,FALSE,230000
2022-08-02,/apartamentos-venta-la-trinitaria/1227154/,2,3.5,3,US$,500000,Vetas Soluciones Inmobiliarias,La Trinitaria, Santiago, Santiago de los Caballeros,En Construcción,269,Residencial,NA,TRUE,TRUE,FALSE,TRUE,TRUE,TRUE,TRUE,FALSE,TRUE,500000
2022-08-02,/apartamentos-venta-cerro-de-gurabo-l/1269119/,2,3.5,3,US$,430000,Vetas Soluciones Inmobiliarias,Cerro de Gurabo l, Santiago, Santiago de los Caballeros,Nueva,228,Residencial,7,FALSE,TRUE,FALSE,FALSE,FALSE,FALSE,TRUE,FALSE,TRUE,430000
2022-08-02,/apartamentos-venta-la-trinitaria/1280788/,2,3.5,3,RD$,20000000,Vetas Soluciones Inmobiliarias,La Trinitaria, Santiago, Santiago de los Caballeros,Nueva,224,Residencial,NA,FALSE,TRUE,FALSE,FALSE,FALSE,FALSE,TRUE,FALSE,FALSE,341880.3418803419
2022-08-02,/apartamentos-venta-rincon-largo/1251676/,NA,2.5,2,US$,215000,Vetas Soluciones Inmobiliarias,Rincon Largo, Santiago, Santiago de los Caballeros,Nueva,100,Residencial,NA,FALSE,FALSE,FALSE,FALSE,FALSE,FALSE,FALSE,FALSE,FALSE,215000
2022-08-02,/apartamentos-venta-panorama/1273920/,1,1.5,1,US$,195000,Vetas Soluciones Inmobiliarias,Panorama, Santiago, Santiago de los Caballeros,Nueva,68,Residencial,8,TRUE,FALSE,TRUE,FALSE,FALSE,TRUE,TRUE,FALSE,TRUE,195000
2022-08-02,/apartamentos-venta-cerro-de-gurabo-l/1252187/,2,2,3,US$,228250,Vetas Soluciones Inmobiliarias,Cerro de Gurabo l, Santiago, Santiago de los Caballeros,En Construcción,164,Residencial,6,TRUE,TRUE,TRUE,FALSE,FALSE,TRUE,TRUE,FALSE,FALSE,228250
2022-08-02,/apartamentos-venta-cerros-de-gurabo/1255517/,1,2.5,2,US$,210000,Vetas Soluciones Inmobiliarias,Cerros de Gurabo, Santiago, Santiago de los Caballeros,Nueva,115,Residencial,3,TRUE,TRUE,FALSE,FALSE,FALSE,TRUE,TRUE,FALSE,TRUE,210000
2022-08-02,/apartamentos-venta-la-rinconada/1255399/,NA,2.5,2,US$,175000,Vetas Soluciones Inmobiliarias,La Rinconada, Santiago, Santiago de los Caballeros,Nueva,99,Residencial,NA,FALSE,FALSE,FALSE,FALSE,FALSE,FALSE,FALSE,FALSE,FALSE,175000
2022-08-02,/apartamentos-venta-santiago/1241660/,NA,NA,3,US$,160000,Vetas Soluciones Inmobiliarias,Santiago, Santiago, Santiago de los Caballeros,Nueva,121,Residencial,NA,FALSE,FALSE,FALSE,FALSE,FALSE,FALSE,FALSE,FALSE,FALSE,160000
2022-08-02,/apartamentos-venta-rincon-largo/1235237/,NA,2,2,US$,202644,Vetas Soluciones Inmobiliarias,Rincon Largo, Santiago, Santiago de los Caballeros,Nueva,113,Residencial,NA,TRUE,TRUE,TRUE,FALSE,FALSE,TRUE,TRUE,FALSE,TRUE,202644
2022-08-02,/apartamentos-venta-av--juan-pablo-duarte/1251710/,NA,2.5,2,US$,211196,Vetas Soluciones Inmobiliarias,Av. Juan Pablo Duarte, Santiago, Santiago de los Caballeros,Nueva,114,Residencial,NA,TRUE,TRUE,TRUE,FALSE,FALSE,FALSE,TRUE,FALSE,TRUE,211196
2022-08-02,/apartamentos-venta-la-trinitaria/1182713/,NA,NA,2,US$,241500,Vetas Soluciones Inmobiliarias,La Trinitaria, Santiago, Santiago de los Caballeros,Nueva,115,Residencial,NA,TRUE,TRUE,FALSE,FALSE,FALSE,FALSE,TRUE,FALSE,FALSE,241500
2022-08-02,/apartamentos-venta-la-trinitaria/1245431/,1,1,1,US$,192000,Vetas Soluciones Inmobiliarias,La Trinitaria, Santiago, Santiago de los Caballeros,Nueva,50,Residencial,NA,TRUE,TRUE,FALSE,FALSE,TRUE,TRUE,TRUE,FALSE,TRUE,192000
2022-08-02,/apartamentos-venta-thomen/1251728/,NA,NA,NA,US$,168200,Vetas Soluciones Inmobiliarias,Thomen, Santiago, Santiago de los Caballeros,Nueva,NA,Residencial,NA,FALSE,FALSE,FALSE,FALSE,FALSE,FALSE,FALSE,FALSE,FALSE,168200
2022-08-02,/apartamentos-venta-santiago/1252726/,2,2,3,US$,100000,Vetas Soluciones Inmobiliarias,Santiago, Santiago, Santiago de los Caballeros,En Construcción,77,Residencial,NA,FALSE,FALSE,FALSE,FALSE,FALSE,FALSE,FALSE,FALSE,FALSE,100000
2022-08-02,/apartamentos-venta-cerro-de-gurabo-l/1239165/,2,4,3,US$,290000,Vetas Soluciones Inmobiliarias,Cerro de Gurabo l, Santiago, Santiago de los Caballeros,En Construcción,182,Residencial,NA,TRUE,TRUE,FALSE,FALSE,FALSE,TRUE,TRUE,FALSE,TRUE,290000
2022-08-02,/apartamentos-venta-cerro-de-gurabo-l/1262837/,2,3,3,US$,350000,Vetas Soluciones Inmobiliarias,Cerro de Gurabo l, Santiago, Santiago de los Caballeros,En Construcción,186,Residencial,NA,TRUE,FALSE,FALSE,FALSE,FALSE,TRUE,FALSE,FALSE,TRUE,350000
2022-08-02,/apartamentos-venta-villa-olga/1224942/,2,3.5,3,US$,230000,Vetas Soluciones Inmobiliarias,Villa Olga, Santiago, Santiago de los Caballeros,En Construcción,132,Residencial,NA,TRUE,TRUE,FALSE,FALSE,FALSE,TRUE,TRUE,FALSE,TRUE,230000
2022-08-02,/apartamentos-venta-la-loteria/1246508/,2,2,3,US$,129500,Vetas Soluciones Inmobiliarias,La Loteria, Santiago, Santiago de los Caballeros,En Construcción,130,Residencial,NA,FALSE,FALSE,FALSE,FALSE,FALSE,FALSE,TRUE,FALSE,FALSE,129500
2022-08-02,/apartamentos-venta-la-moraleja/1246499/,2,2,1,US$,285000,Vetas Soluciones Inmobiliarias,La Moraleja, Santiago, Santiago de los Caballeros,En Construcción,154,Residencial,NA,TRUE,FALSE,FALSE,FALSE,TRUE,TRUE,TRUE,FALSE,FALSE,285000
2022-08-02,/apartamentos-venta-cerros-de-gurabo/1206108/,2,2.5,3,US$,225000,Vetas Soluciones Inmobiliarias,Cerros de Gurabo, Santiago, Santiago de los Caballeros,Nueva,170,Residencial,3,TRUE,TRUE,FALSE,FALSE,TRUE,FALSE,FALSE,FALSE,FALSE,225000
2022-08-02,/apartamentos-venta-la-barranquita/1152734/,1,1,2,RD$,3350000,Vetas Soluciones Inmobiliarias,La Barranquita, Santiago, Santiago de los Caballeros,En Construcción,89,Residencial,NA,FALSE,FALSE,FALSE,FALSE,FALSE,FALSE,TRUE,FALSE,FALSE,57264.957264957266
2022-08-02,/apartamentos-venta-don-pedro/1271231/,2,2,3,US$,110000,Vetas Soluciones Inmobiliarias,Don Pedro, Santiago, Santiago de los Caballeros,En Construcción,100,Residencial,NA,FALSE,FALSE,FALSE,FALSE,TRUE,FALSE,TRUE,FALSE,FALSE,110000
2022-08-02,/apartamentos-venta-la-trinitaria/1283544/,3,3.5,4,US$,550000,Rosanna Pascasio,La Trinitaria, Santiago, Santiago de los Caballeros,Remodelada,332,Residencial,1,FALSE,TRUE,FALSE,FALSE,FALSE,FALSE,TRUE,FALSE,FALSE,550000
2022-08-02,/apartamentos-venta-santiago/1255968/,3,4.5,4,US$,560000,Cindy Real Estate,NA,Santiago, Santiago de los Caballeros,Segundo Uso,360,Residencial,NA,TRUE,TRUE,FALSE,FALSE,TRUE,TRUE,TRUE,FALSE,TRUE,560000
2022-08-02,/apartamentos-venta-rincon-largo/1257741/,2,3.5,3,RD$,17000000,ZE Bienes Raices,Rincon Largo, Santiago, Santiago de los Caballeros,NA,222,Residencial,7,TRUE,TRUE,FALSE,FALSE,TRUE,FALSE,TRUE,FALSE,FALSE,290598.2905982906
2022-08-02,/apartamentos-venta-santiago/1271104/,1,2.5,3,US$,126000,Cindy Real Estate,NA,Santiago, Santiago de los Caballeros,En Planos,108,Residencial,NA,TRUE,FALSE,TRUE,FALSE,FALSE,FALSE,TRUE,FALSE,FALSE,126000
2022-08-02,/apartamentos-venta-santiago/1258672/,1,2.5,2,US$,194480,Cindy Real Estate,NA,Santiago, Santiago de los Caballeros,En Planos,109,Residencial,NA,TRUE,TRUE,FALSE,FALSE,TRUE,TRUE,TRUE,FALSE,TRUE,194480
2022-08-02,/apartamentos-venta-santiago/1271244/,2,2.5,3,US$,120000,Cindy Real Estate,NA,Santiago, Santiago de los Caballeros,En Planos,100,Residencial,NA,TRUE,FALSE,TRUE,FALSE,FALSE,FALSE,TRUE,FALSE,FALSE,120000
2022-08-02,/apartamentos-venta-santiago/1262300/,2,2,3,US$,127000,Cindy Real Estate,NA,Santiago, Santiago de los Caballeros,En Planos,111,Residencial,NA,FALSE,FALSE,TRUE,FALSE,TRUE,FALSE,TRUE,FALSE,FALSE,127000
2022-08-02,/apartamentos-venta-santiago/1244318/,1,2,2,RD$,5500000,Cindy Real Estate,NA,Santiago, Santiago de los Caballeros,En Construcción,83,Residencial,NA,FALSE,FALSE,FALSE,FALSE,FALSE,FALSE,TRUE,FALSE,FALSE,94017.09401709402
2022-08-02,/apartamentos-venta-santiago/1243593/,2,2.5,3,US$,199000,Cindy Real Estate,NA,Santiago, Santiago de los Caballeros,En Construcción,152,Residencial,NA,TRUE,TRUE,TRUE,FALSE,TRUE,FALSE,TRUE,FALSE,FALSE,199000
2022-08-02,/apartamentos-venta-bella-vista/1280538/,3,3.5,3,US$,385000,Estrella Inmobiliaria ,Bella vista, Santiago, Santiago de los Caballeros,Nueva,191,Residencial,2,TRUE,TRUE,TRUE,TRUE,TRUE,FALSE,TRUE,FALSE,TRUE,385000
2022-08-02,/apartamentos-venta-santiago/1258673/,1,1.5,1,US$,185250,Cindy Real Estate,NA,Santiago, Santiago de los Caballeros,En Planos,97,Residencial,NA,TRUE,TRUE,FALSE,FALSE,TRUE,TRUE,TRUE,FALSE,TRUE,185250
2022-08-02,/apartamentos-venta-santiago/1232812/,3,3.5,3,US$,575000,Remax Blu,NA,Santiago, Santiago de los Caballeros,Segundo Uso,490,Residencial,5,TRUE,TRUE,FALSE,FALSE,FALSE,TRUE,TRUE,FALSE,FALSE,575000
2022-08-02,/apartamentos-venta-los-prados-i/1264973/,1,1.5,2,US$,111500,Habitame Inmobiliaria,Los prados I, Santiago, Santiago de los Caballeros,En Construcción,NA,Residencial,NA,FALSE,FALSE,FALSE,FALSE,FALSE,FALSE,FALSE,FALSE,FALSE,111500
2022-08-02,/apartamentos-venta-santiago/1262953/,1,2.5,2,US$,196000,Cindy Real Estate,NA,Santiago, Santiago de los Caballeros,En Planos,103,Residencial,NA,TRUE,TRUE,FALSE,FALSE,TRUE,TRUE,TRUE,FALSE,TRUE,196000
2022-08-02,/apartamentos-venta-bella-vista/1273234/,1,1.5,1,US$,157500,Grupo Nin Inmobiliario,Bella vista, Santiago, Santiago de los Caballeros,En Construcción,62,Residencial,NA,TRUE,TRUE,TRUE,FALSE,TRUE,TRUE,TRUE,TRUE,FALSE,157500
2022-08-02,/apartamentos-venta-santiago/1265227/,2,2.5,3,US$,180601,Megacasa RD,NA,Santiago, Santiago de los Caballeros,Nueva,123,Residencial,NA,TRUE,TRUE,FALSE,FALSE,FALSE,TRUE,TRUE,FALSE,TRUE,180601
2022-08-02,/apartamentos-venta-santiago/1265228/,1,1.5,1,US$,214500,Megacasa RD,NA,Santiago, Santiago de los Caballeros,Nueva,98,Residencial,NA,TRUE,TRUE,FALSE,FALSE,TRUE,TRUE,TRUE,FALSE,TRUE,214500
2022-08-02,/apartamentos-venta-bella-vista/1256477/,3,3.5,3,US$,315000,Estrella Inmobiliaria ,Bella vista, Santiago, Santiago de los Caballeros,Nueva,280,Residencial,5,TRUE,FALSE,FALSE,TRUE,FALSE,TRUE,TRUE,FALSE,FALSE,315000
2022-08-02,/apartamentos-venta-santiago/1259548/,2,3.5,3,US$,210000,Cindy Real Estate,NA,Santiago, Santiago de los Caballeros,En Construcción,140,Residencial,NA,TRUE,TRUE,FALSE,FALSE,TRUE,TRUE,TRUE,FALSE,TRUE,210000
2022-08-02,/apartamentos-venta-bella-vista/1271619/,3,3.5,3,US$,350000,Estrella Inmobiliaria ,Bella vista, Santiago, Santiago de los Caballeros,Segundo Uso,290,Residencial,5,TRUE,TRUE,FALSE,FALSE,FALSE,TRUE,TRUE,FALSE,TRUE,350000
2022-08-02,/apartamentos-venta-jardines-del-este/1143972/,2,2.5,3,US$,215000,ZE Bienes Raices,Jardines del Este, Santiago, Santiago de los Caballeros,En Planos,153,Residencial,2,TRUE,TRUE,TRUE,FALSE,FALSE,TRUE,TRUE,FALSE,TRUE,215000
2022-08-02,/apartamentos-venta-santiago/1247445/,2,2.5,3,US$,308000,Cindy Real Estate,NA,Santiago, Santiago de los Caballeros,En Construcción,140,Residencial,NA,TRUE,TRUE,TRUE,FALSE,TRUE,TRUE,TRUE,FALSE,TRUE,308000
2022-08-02,/apartamentos-venta-santiago/1236478/,1,2,3,US$,100000,Cindy Real Estate,NA,Santiago, Santiago de los Caballeros,En Planos,95,Residencial,NA,TRUE,FALSE,TRUE,FALSE,FALSE,FALSE,TRUE,FALSE,FALSE,100000
2022-08-02,/apartamentos-venta-santiago/1247442/,2,2.5,2,US$,253000,Cindy Real Estate,NA,Santiago, Santiago de los Caballeros,En Construcción,115,Residencial,NA,TRUE,TRUE,TRUE,FALSE,TRUE,TRUE,TRUE,FALSE,TRUE,253000
2022-08-02,/apartamentos-venta-santiago/1252077/,2,3.5,3,US$,280500,Cindy Real Estate,NA,Santiago, Santiago de los Caballeros,En Planos,165,Residencial,NA,TRUE,TRUE,FALSE,FALSE,TRUE,TRUE,TRUE,FALSE,FALSE,280500
2022-08-02,/apartamentos-venta-santiago/1242997/,2,2.5,2,US$,195000,Cindy Real Estate,NA,Santiago, Santiago de los Caballeros,En Planos,111,Residencial,NA,TRUE,TRUE,FALSE,FALSE,TRUE,TRUE,TRUE,FALSE,FALSE,195000
2022-08-02,/apartamentos-venta-santiago/1218851/,2,3.5,3,US$,217000,Cindy Real Estate,NA,Santiago, Santiago de los Caballeros,En Construcción,135,Residencial,NA,TRUE,TRUE,FALSE,FALSE,TRUE,TRUE,TRUE,FALSE,TRUE,217000
